{
	"class_name" : "PinholeCameraParameters",
	"extrinsic" : 
	[
		-0.44266791489070434,
		-0.87967153470676607,
		-0.17384794549536448,
		0.0,
		-0.81328519597188476,
		0.31222521819545557,
		0.49100163251844015,
		0.0,
		-0.37764044690590198,
		0.35873862929637679,
		-0.8536359228097582,
		0.0,
		-0.17101280896104021,
		0.1957233051538711,
		0.66678892372653875,
		1.0
	],
	"intrinsic" : 
	{
		"height" : 1080,
		"intrinsic_matrix" : 
		[
			935.30743608719376,
			0.0,
			0.0,
			0.0,
			935.30743608719376,
			0.0,
			959.5,
			539.5,
			1.0
		],
		"width" : 1920
	},
	"version_major" : 1,
	"version_minor" : 0
}